<?xml version="1.0" encoding="UTF-8"?>
<launch4jConfig>
  <dontWrapJar>false</dontWrapJar>
  <headerType>gui</headerType>
  <jar>C:\Users\Jamie\Documents\NetBeansProjects\DCAA_BILLING\dist\DCAA_BILLING.jar</jar>
  <outfile>C:\Users\Jamie\Documents\NetBeansProjects\DCAA_BILLING\DCAA Billing Build 50.0.8\DCAA Billing and Management  version 50.0.8.exe</outfile>
  <errTitle></errTitle>
  <cmdLine></cmdLine>
  <chdir>.</chdir>
  <priority>normal</priority>
  <downloadUrl>http://java.com/download</downloadUrl>
  <supportUrl></supportUrl>
  <stayAlive>false</stayAlive>
  <restartOnCrash>false</restartOnCrash>
  <manifest></manifest>
  <icon>C:\Users\Jamie\Documents\NetBeansProjects\DCAA_builds\DCAA Build 50.0\DCAA_Logo.ico</icon>
  <jre>
    <path></path>
    <bundledJre64Bit>false</bundledJre64Bit>
    <bundledJreAsFallback>false</bundledJreAsFallback>
    <minVersion>1.8.0_181</minVersion>
    <maxVersion>1.8.0_281</maxVersion>
    <jdkPreference>preferJre</jdkPreference>
    <runtimeBits>64/32</runtimeBits>
  </jre>
  <splash>
    <file>C:\Users\Jamie\Documents\NetBeansProjects\DCAA_builds\Splash.bmp</file>
    <waitForWindow>true</waitForWindow>
    <timeout>4</timeout>
    <timeoutErr>true</timeoutErr>
  </splash>
</launch4jConfig>